inscricao;data_abertura;email;telefone;nome_empresarial;nome_fantasia;logradouro;numero;complemento;cep;bairro;municipio;uf;cod_cnae;descricao_cnae;cod_natureza;descricao_natureza;endereco_completo;latitude;longitude
05120923000109;2002-06-28;ADRIANO@AEROTUR.COM.BR;84  32202950 ;AEROTUR SERVICOS DE VIAGENS LTDA;;R APODI;583;SALA 02 - 1 ANDAR;        ;TIROL;NATAL;RN;79112;Agências de viagens;2062;Sociedade Empresária Limitada;R. Apodi, 583 - SALA 02 - 1 ANDAR - Tirol, Natal - RN, 59020-130, Brazil;-5.7915342;-35.2003199
03538129000146;1999-11-30;PRESCOFIL@BOL.COM.BR;84  32724098 84  6130111;MAC DE MELO;MEGADIESEL;AV PILOTO PEREIRA TIM;2260;;        ;CENTRO;PARNAMIRIM;RN;00000;Sem informação;2135;Empresário (Individual);Av. Piloto Pereira Tim, 2260 - Centro, Parnamirim - RN, 59140-250, Brazil;-5.9107964;-35.26164360000001
09080300000100;1984-11-05;CARBOX@CARBOX.COM.BR;84  32170106 84  32170106;CARBOX - MONTEIRO & MESQUITA LTDA;CARBOX;AV DAO SILVEIRA;4412;;        ;CANDELARIA;NATAL;RN;00000;Sem informação;2062;Sociedade Empresária Limitada;Av. Dão Silveira, 4412 - Candelária, Natal - RN, 59066-180, Brazil;-5.856717799999999;-35.2126611
10334942000160;2008-08-27;CARBOX@CARBOX.COM.BR;84  32076913 84  32139025;CARBOX LTDA;;AV DAO SILVEIRA;4200;;        ;CANDELARIA;NATAL;RN;00000;Sem informação;2062;Sociedade Empresária Limitada;Av. Dão Silveira, 4200 - Candelária, Natal - RN, 59066-180, Brazil;-5.856470499999999;-35.2126702
10298485000103;2008-08-15;TOTALMIDIAEVENTOS@HOTMAIL.COM;84  32119441 84  32119441;TOTAL MULTIMIDIA LOCACAO E EVENTOS LTDA;TOTAL MULTIMIDIA;R NASCIMENTO FERNANDES;2145;;        ;LAGOA NOVA;NATAL;RN;77390;Aluguel de máquinas e equipamentos não especificados anteriormente;2062;Sociedade Empresária Limitada;R. Nascimento Fernandes, 2145 - Lagoa Nova, Natal - RN, 59056-280, Brazil;-5.816315899999999;-35.200792
24367732000182;1989-06-22;grace@praiamarnatal.com.br;84  32192230 84  32192230;PRAIAMAR EMPREENDIMENTOS TURISTICOS LTDA;;R FRANCISCO GURGEL;33;;        ;PONTA NEGRA;NATAL;RN;55108;Hotéis e similares;2062;Sociedade Empresária Limitada;R. Francisco Gurgel, 33 - Ponta Negra, Natal - RN, 59090-050, Brazil;-5.872568999999999;-35.1783299
14639720000106;2011-11-18;JEDUARDO@INFRAMERICA.AERO;61  32146239 84  40068924;INFRAMERICA CONCESSIONARIA DO AEROPORTO DE SAO GONCALO DO AMARANTE S.A.;INFRAMERICA;AV RUI PEREIRA DOS SANTOS;3100;;        ;AEROPORTO;SÃO GONÇALO DO AMARANTE;RN;52401;Atividades auxiliares dos transportes aéreos;2054;Sociedade Anônima Fechada;Aeroporto Internacional Governador Aluízio Alves (NAT) - Avenida Dr. Ruy Pereira dos Santos, 3100 - Aeroporto, São Gonçalo do Amarante - RN, 59290-000, Brazil;-5.767906900000001;-35.3640318
07093918000171;2004-10-28;; ;CENTRO DE CAPACITACAO E TREINAMENTO PATATIVA DO ASSARE;;R JOAO XAVIER PEREIRA SOBRAL;1086;;        ;PACIFICA;CEARÁ-MIRIM;RN;00000;Sem informação;3999;Associação Privada;R. Cel. João Sá, Ceará-Mirim - RN, 59570-000, Brazil;-5.6470229;-35.4203024
00604122000197;1995-05-16;;034 2140133 ;TRIVALE ADMINISTRACAO LTDA;;R MACHADO DE ASSIS;904;;        ;CENTRO;UBERLÂNDIA;MG;82997;Atividades de serviços prestados principalmente às empresas não especificadas anteriormente;2062;Sociedade Empresária Limitada;R. Machado de Assis, 904 - Centro, Uberlândia - MG, 38400-112, Brazil;-18.9210358;-48.2745781
12801601000182;1987-11-25;ROSSYNE.CONTABILIDADE@PROTOUR.COM.BR;84  40082800 84  40082829;PROTASIO LOCACAO E TURISMO LTDA;PROTOUR;AV ENGENHEIRO ROBERTO FREIRE;2284;;        ;CAPIM MACIO;NATAL;RN;77110;Locação de automóveis sem condutor;2062;Sociedade Empresária Limitada;Av. Engenheiro Roberto Freire, 2284 - Capim Macio, Natal - RN, 59082-000, Brazil;-5.861638999999999;-35.1915935
01694415000175;1997-05-03;HASTE.DIRECAO@GMAIL.COM;084 2060860 084 204154;HASTE - HABITACAO E SERVICOS TECNICOS LTDA;HASTE - HABITACAO E SERVICOS TECNICOS;R CEL LUCIANO SALDANHA;1923;;        ;MIRASSOL;NATAL;RN;00000;Sem informação;2062;Sociedade Empresária Limitada;R. Cel. Luciano Saldanha, 1923 - Capim Macio, Natal - RN, 59078-390, Brazil;-5.8492884;-35.2033538
40938508000150;1991-01-09;;83  32433038 ;MAQ-LAREM MAQUINAS MOVEIS E EQUIPAMENTOS LTDA;;AV EPITACIO PESSOA;2580;LOJA: 01;        ;TAMBAUZINHO;JOÃO PESSOA;PB;77331;Aluguel de máquinas e equipamentos para escritório;2062;Sociedade Empresária Limitada;Moriah Shopping - Av. Epitacio Pessoa, 2580 - 01 - Tambauzinho, João Pessoa - PB, 58042-006, Brazil;-7.119932599999999;-34.8470985
40794497000181;1992-09-09;DIRETRONICA@GMAIL.COM;84  32066036 ;DIRETRONICA SERVICOS ELETRONICOS LTDA;DIRETRONICA;R RIO MEARIM;7702;;        ;PITIMBU;NATAL;RN;80200;Atividades de monitoramento de sistemas de segurança;2062;Sociedade Empresária Limitada;R. Rio Mearim, 7702 - Pitimbú, Natal - RN, 59068-410, Brazil;-5.8576438;-35.235258
08451643000163;1978-01-08;saae.extremoz.rn@gmail.com;84  32793256 ;SERVICO AUTONOMO DE AGUA E ESGOTO;SAAE;R PROJETADA;S/N;;        ;CENTRO;EXTREMOZ;RN;00000;Sem informação;1120;Autarquia Municipal;Rua da Lina do Trem, s/n Centro,, RN, Brazil;-5.709007499999999;-35.3052962
01592035000120;1996-12-17;SECNATAL@SECNATAL.COM.BR;84  32119525 ;SEC/NATAL DISTRIBUIDORA DE JORNAIS E PUBLICACOES LTDA;SEC NATAL;AV PRUDENTE DE MORAIS;744;SALA 1110;        ;TIROL;NATAL;RN;47610;Comércio varejista de livros, jornais, revistas e papelaria;2062;Sociedade Empresária Limitada;Av. Prudente de Morais, 744 - 1110 - Tirol, Natal - RN, 59075-000, Brazil;-5.826785699999999;-35.2129579
33000118000179;1966-09-26;;21  93336398 ;TELEMAR NORTE LESTE S/A. - EM RECUPERACAO JUDICIAL;OI;R DO LAVRADIO;71;ANDAR 2;        ;CENTRO;RIO DE JANEIRO;RJ;61108;Telecomunicações por fio;2054;Sociedade Anônima Fechada;R. do Lavradio, 71 - ANDAR 2 - Centro, Rio de Janeiro - RJ, 20230-070, Brazil;-22.9091342;-43.1827939
40432544000147;1992-04-23;ATENDIMENTO.FISCALIZACOES@CLARO.COM.BR;11  43134620 11  55096705;CLARO S.A.;CLARO;R HENRI DUNANT;780;TORRE A E TORRE B;        ;SANTO AMARO;SÃO PAULO;SP;61205;Telecomunicações sem fio;2054;Sociedade Anônima Fechada;R. Henri Dunant, 846 - Santo Amaro, São Paulo - SP, 04709-111, Brazil;-23.6273834;-46.699121
12967719000185;2010-02-12;FINANCEIRO@LEPIDUS.COM.BR;48  31810048 ;LEPIDUS TECNOLOGIA LTDA;LEPIDUS;AV DESEMBARGADOR VITOR LIMA;260;SALA  908;        ;TRINDADE;FLORIANÓPOLIS;SC;62023;Desenvolvimento e licenciamento de programas de computador customizáveis;2062;Sociedade Empresária Limitada;R. Des. Vítor Lima, 260 - 908 - Trindade, Florianópolis - SC, 88040-401, Brazil;-27.596754;-48.5223569
43448117000145;1972-09-29;www.secfigueiredo.com.br;11  50831929 11  50833727;SEC FIGUEIREDO LTDA;;R ESTELA;515;BL.H   3 A. CJ 31;        ;PARAISO;SÃO PAULO;SP;52508;Atividades relacionadas à organização do transporte de carga;2062;Sociedade Empresária Limitada;R. Estela, 515 - BL.H   3 A - Vila Mariana, São Paulo - SP, 04011-002, Brazil;-23.5788732;-46.6456289
74634767000109;1994-04-26;ANABIM@ANABIM.COM.BR;11  32622128 ;ANABIM ASSESSORIA NACIONAL EM GESTAO PUBLICA E MEIO AMBIENTE LTDA;ANABIM;R CONSELHEIRO CRISPINIANO;69;CONJ  62/63;        ;REPUBLICA;SÃO PAULO;SP;86305;Atividades de atenção ambulatorial executadas por médicos e odontólogos;2240;Sociedade Simples Limitada;R. Conselheiro Crispiniano, 69 - CONJ  62/63 - República, São Paulo - SP, 01037-001, Brazil;-23.5462608;-46.640189
24198681000102;1989-03-05;; ;ARPLAN ENGENHARIA TERMICA LTDA;ARPLAN ENGENHARIA TERMICA;R DA SAUDADE;1313;;        ;NOVA DESCOBERTA;NATAL;RN;00000;Sem informação;2062;Sociedade Empresária Limitada;R. da Saudade, 1313 - Nova Descoberta, Natal - RN, 59056-400, Brazil;-5.823968600000001;-35.1975977
08520389000108;1971-03-19;; ;SERVICO AUTONOMO DE AGUA E ESGOTO;SAAE;AV RIO BRANCO;609;;        ;CENTRO;SANTA CRUZ;RN;00000;Sem informação;1031;Órgão Público do Poder Executivo Municipal;Avenida Rio Branco, 609, Santa Cruz - RN, 59200-000, Brazil;-6.2245244;-36.0208014
08519304000171;2006-11-12;;84  32223336 ;MFMB ELETROCEL GRUPOS GERADORES LTDA;ELETROCEL;R AURELIO PINHEIRO;456;A;        ;BARRO VERMELHO;NATAL;RN;00000;Sem informação;2062;Sociedade Empresária Limitada;R. Aurélio Pinheiro, 456 - Barro Vermelho, Natal - RN, 59030-410, Brazil;-5.797426499999999;-35.2119311
19180241000198;2013-10-16;TALDI@TALDI.COM.BR;84  33167169 84  9135678;TALDI INCORPORACOES LTDA;TALDI INCORPORACOES;AV FRANCISCO MOTA;SN;SALA  01;        ;RINCAO;MOSSORÓ;RN;47423;Comércio varejista de material elétrico;2062;Sociedade Empresária Limitada;Av. Francisco Mota - Rincão, Mossoró - RN, Brazil;-5.195348099999999;-37.3154195
08334385000135;1969-05-12;; ;COMPANHIA DE AGUAS E ESGOTOS DO RIO GRANDE DO NORTE;;AV SENADOR SALGADO FILHO;1555;;        ;TIROL;NATAL;RN;00000;Sem informação;2038;Sociedade de Economia Mista;Av. Sen. Salgado Filho, 1555 - Candelária, Natal - RN, 59022-260, Brazil;-5.8089771;-35.2034974
16858290000149;2012-12-09;SUPORTELEVADORES@HOTMAIL.COM;84  33221773 84  87274949;SUPORTE - COMERCIO E SERVICOS EM ELEVADORES LTDA;SUPORTE ELEVADORES;R JACAUNA;1;ANEXO C;        ;LAGOA SECA;NATAL;RN;00000;Sem informação;2062;Sociedade Empresária Limitada;A - R. Jacaúna, 1 - Lagoa Seca, Natal - RN, 59022-360, Brazil;-5.8097594;-35.2074703
19395315000103;2013-10-12;2MCONTABILIDADERN@GMAIL.COM;84  20300388 ;E B GALVAO;RN ELEVADORES;R JOSE PORPINO DA SILVA;186;;        ;ROSA DOS VENTOS;PARNAMIRIM;RN;00000;Sem informação;2135;Empresário (Individual);R. José Porpino da Silva, 186 - Rosa dos Ventos, Parnamirim - RN, 59141-510, Brazil;-5.928007;-35.278754
03159145000128;1999-04-19;TRIBUTOS@LSCONTABIL.COM.BR;84  32061064 ;S.S. EMPREENDIMENTOS E SERVICOS EIRELI;SERVITE;R FELIPE CORTEZ;1843;;        ;LAGOA NOVA;NATAL;RN;81117;Serviços combinados para apoio a edifícios, exceto condomínios prediais;2305;Empresa Individual de Responsabilidade Limitada (de Natureza Empresária);Rua Felipe Cortez, 1843 - Lagoa Nova, Natal - RN, 59056-150, Brazil;-5.8203757;-35.2035553
07783832000170;2005-12-29;DANIELLE@CRIART-CE.COM.BR;85  32579676 85  38784189;CRIART SERVICOS DE TERCEIRIZACAO DE MAO DE OBRA LTDA;CRIART SERVICOS;R TIBURCIO CAVALCANTE;2850;;        ;DIONISIO TORRES;FORTALEZA;CE;78302;Fornecimento e gestão de recursos humanos para terceiros;2062;Sociedade Empresária Limitada;R. Tibúrcio Cavalcante, 2850 - Dionísio Torres, Fortaleza - CE, 60125-101, Brazil;-3.7496172;-38.5071361
07783832000170;2005-12-29;DANIELLE@CRIART-CE.COM.BR;85  32579676 85  38784189;CRIART SERVICOS DE TERCEIRIZACAO DE MAO DE OBRA LTDA;CRIART SERVICOS;R TIBURCIO CAVALCANTE;2850;;        ;DIONISIO TORRES;FORTALEZA;CE;78302;Fornecimento e gestão de recursos humanos para terceiros;2062;Sociedade Empresária Limitada;R. Tibúrcio Cavalcante, 2850 - Dionísio Torres, Fortaleza - CE, 60125-101, Brazil;-3.7496172;-38.5071361
04999366000177;2002-04-15;AMANDO@LOCAINFORN.COM.BR;84  32237303 084 2060999;AM SERVICOS E LOCACAO DE EQUIPAMENTOS DE INFORMATICA EIRELI;LOCAINFORN;R DR HORACIO;596;;        ;LAGOA NOVA;NATAL;RN;77331;Aluguel de máquinas e equipamentos para escritório;2305;Empresa Individual de Responsabilidade Limitada (de Natureza Empresária);R. Dr. Horácio, 596 - Lagoa Nova, Natal - RN, 59054-640, Brazil;-5.813624900000001;-35.2153497
05617497000105;2003-04-28;ivanpfsobrinho@hotmail.com;84  32315091 84  32175036;DIRECTCOM INFORMATICA LTDA;WSO TECNOLOGIA E ENERGIAS RENOVAVEIS;R JORNALISTA DJAIR DANTAS PEREIRA DE MACEDO;1382;A;        ;LAGOA SECA;NATAL;RN;77331;Aluguel de máquinas e equipamentos para escritório;2062;Sociedade Empresária Limitada;Rua Djair Dantas Pereira de Macedo, 1382 - Lagoa Seca, Natal - RN, 59022-370, Brazil;-5.8098215;-35.2079992
08428765000139;1970-06-26;; ;LIGA NORTE RIOGRANDENSE CONTRA O CANCER;LIGA NORTE RIOGRANDENSE CONTRA O CANCER;AV MIGUEL CASTRO;1355;;        ;DIX-SEPT ROSADO;NATAL;RN;86101;Atividades de atendimento hospitalar;3999;Associação Privada;Av. Miguel Castro, 1355 - Lagoa Nova, Natal - RN, 59054-145, Brazil;-5.815464299999999;-35.228412
70307442000160;1994-10-17;; ;GESUALDO BIANA;METAS MECANICA TECNICA DE ASSISTENCIA;R PRAIA DE CARAUBAS;8828;CONJ PONTA NEGRA;        ;PONTA NEGRA;NATAL;RN;00000;Sem informação;2135;Empresário (Individual);Rua Praia de Caraúbas, 8828 - Ponta Negra, Natal - RN, 59094-210, Brazil;-5.871026;-35.187403
04999366000177;2002-04-15;AMANDO@LOCAINFORN.COM.BR;84  32237303 084 2060999;AM SERVICOS E LOCACAO DE EQUIPAMENTOS DE INFORMATICA EIRELI;LOCAINFORN;R DR HORACIO;596;;        ;LAGOA NOVA;NATAL;RN;77331;Aluguel de máquinas e equipamentos para escritório;2305;Empresa Individual de Responsabilidade Limitada (de Natureza Empresária);R. Dr. Horácio, 596 - Lagoa Nova, Natal - RN, 59054-640, Brazil;-5.813624900000001;-35.2153497
54222401000115;1985-12-02;VILLARTA@VILLARTA.COM.BR;11  33468811 ;ELEVADORES VILLARTA LTDA;ELEVADORES VILLARTA;R DOS ESTUDANTES;382;;        ;LIBERDADE;SÃO PAULO;SP;00000;Sem informação;2062;Sociedade Empresária Limitada;R. dos Estudantes, 382 - Sé, São Paulo - SP, 03216-050, Brazil;-23.5556169;-46.63150659999999
04999366000177;2002-04-15;AMANDO@LOCAINFORN.COM.BR;84  32237303 084 2060999;AM SERVICOS E LOCACAO DE EQUIPAMENTOS DE INFORMATICA EIRELI;LOCAINFORN;R DR HORACIO;596;;        ;LAGOA NOVA;NATAL;RN;77331;Aluguel de máquinas e equipamentos para escritório;2305;Empresa Individual de Responsabilidade Limitada (de Natureza Empresária);R. Dr. Horácio, 596 - Lagoa Nova, Natal - RN, 59054-640, Brazil;-5.813624900000001;-35.2153497
06346446000159;2004-05-07;;83  30415558 ;SITECNET INFORMATICA LTDA;TELY;AV SAO PAULO;1205;SALA  A;        ;ESTADOS;JOÃO PESSOA;PB;61108;Telecomunicações por fio;2062;Sociedade Empresária Limitada;Av. São Paulo, 1205 - SALA  A - Estados, João Pessoa - PB, 58088-230, Brazil;-7.117349399999999;-34.856976
09234399000140;2007-11-14;DIRETORIA@CRILAMBIENTAL.COM.BR;83  32223854 ;CRIL EMPREENDIMENTO AMBIENTAL LTDA;CRIL SOLUCOES AMBIENTAIS;ROD PB 321;S/N;KM    2,6;        ;FAZENDA MARABA;BELÉM DO BREJO DO CRUZ;PB;00000;Sem informação;2062;Sociedade Empresária Limitada;Marabá - State of Pará, Brazil;-5.5927124;-50.1832516
09376468000150;1985-12-09;; ;CST CONSTRUCOES E SERVICOS TECNICOS LTDA;;R AGNALDO GURGEL JUNIOR;1920;;        ;CANDELARIA;NATAL;RN;00000;Sem informação;2062;Sociedade Empresária Limitada;Rua Agnaldo Gurgel Junior, 1920 - Candelária, Natal - RN, 59066-030, Brazil;-5.845609;-35.2207495
04196645000100;2000-06-20;in@in.gov.br;061 3139800 061 3139405;IMPRENSA NACIONAL;IMPRENSA NACIONAL; SIG QUADRA 06 LOTE 800;S/N;;        ;SETOR GRAFICO;BRASÍLIA;DF;84116;Administração pública em geral;1015;Órgão Público do Poder Executivo Federal;SIG Quadra 06 - Lote 800, SIG, Brasília - DF, 70610-460, Brazil;-15.7915588;-47.9133135
20283607000133;2014-02-04;RAPHAELNSP@YAHOO.COM.BR;84  32227006 84  32224418;R. DOIS LIMPA FOSSA E LOCAÇÕES EIRELI -;;R DAS FLORES;S/N;LOTEAMENTO MIRAGEM        036 D 07;        ;ZONA DE EXPANSAO;SÃO JOSÉ DE MIPIBU;RN;00000;Sem informação;2305;Empresa Individual de Responsabilidade Limitada (de Natureza Empresária);São José de Mipibu, State of Rio Grande do Norte, Brazil;-6.0742528;-35.2369601
01778387000174;1997-08-04;REFRIOADM.REFRIO@YAHOO.COM;84  32050064 ;A K P DE LIMA;REFRIOTEC AR-CONDICIONADO;R HONORIO RIBEIRO DANTAS;1729;;        ;LAGOA NOVA;NATAL;RN;00000;Sem informação;2135;Empresário (Individual);R. Honório Ribeiro Dantas, 1729 - Lagoa Nova, Natal - RN, 59054-750, Brazil;-5.8145963;-35.2146537
13119632000110;2011-01-17;CONTATO@MAXIMUSGESTAODEMANUTENCAO.COM.BR;84  36454403 62  32876511;MAXIMUS GESTAO DE MANUTENCAO INDUSTRIAL LTDA;MAXIMUS GESTAO DE MANUTENCAO;R PARQUE XINGU;71;;        ;NOVA ESPERANCA;PARNAMIRIM;RN;00000;Sem informação;2062;Sociedade Empresária Limitada;R. Parque Xingu, 71 - Nova Esperança, Parnamirim - RN, 59144-132, Brazil;-5.941533199999999;-35.2763667
13411847000100;2011-03-24;CELIOPIANO@HOTMAIL.COM;84  99688802 ;JOSE CELIO FERREIRA 13095692404;;R SAO PAULO;136;;        ;ALECRIM;NATAL;RN;00000;Sem informação;2135;Empresário (Individual);R. São Paulo, 136 - Alecrim, Natal - RN, 59032-090, Brazil;-5.8034123;-35.2205887
40432544000147;1992-04-23;ATENDIMENTO.FISCALIZACOES@CLARO.COM.BR;11  43134620 11  55096705;CLARO S.A.;CLARO;R HENRI DUNANT;780;TORRE A E TORRE B;        ;SANTO AMARO;SÃO PAULO;SP;61205;Telecomunicações sem fio;2054;Sociedade Anônima Fechada;R. Henri Dunant, 846 - Santo Amaro, São Paulo - SP, 04709-111, Brazil;-23.6273834;-46.699121
21949552000110;2015-02-27;WILTON_SM@HOTMAIL.COM;84  99977871 84  36082311;W DA S MOREIRA ENGENHARIA EIRELI;REALIZA ENGENHARIA;R AGUA MARINHA;230;;        ;LAGOA NOVA;NATAL;RN;00000;Sem informação;2305;Empresa Individual de Responsabilidade Limitada (de Natureza Empresária);R. Água M.nha, 230 - Lagoa Nova, Natal - RN, 59076-200, Brazil;-5.830008299999999;-35.2023367
01488023000150;1996-09-17;diskentulhos@uol.com.br;84  32055050 84  32055050;LUNC-TRANSPORTE DE ENTULHOS E LIXO LTDA;DISK ENTULHOS;AV PRESIDENTE RANIERI  MAZZILLI;2850;;        ;FELIPE CAMARAO;NATAL;RN;49302;Transporte rodoviário de carga;2062;Sociedade Empresária Limitada;Av. Pres. Raniere Mazzilli, 2850 - Guarapes, Natal - RN, Brazil;-5.8205711;-35.275729
02863360000142;1998-11-25;contabil@exatacnt.com.br;84  32133285 84  32133285;COSTA & FILHOS RECICLAGEM E GERENCIAMENTO DE RESIDUOS LTDA;ECOBRIT USINA DE RECICLAGEM DA CONSTRUCAO;R PROJETADA;S/N;QUADRA34                  LOTE  1350;        ;GUAJIRU;SÃO GONÇALO DO AMARANTE;RN;00000;Sem informação;2062;Sociedade Empresária Limitada;RUA PROJETADA S/N LOTE 1.350 - GUAJIRU, São Gonçalo do Amarante - RN, 59290-000, Brazil;-5.7547675;-35.3259207
40997140000109;1993-04-22;EZIELITON@EJFEMPREENDIMENTOS.COM.BR;84  32724858 ;E J F EMPREENDIMENTOS LTDA;E. J. F EMPREENDIMENTOS E SERVICOS;R CAMINHO DE PIRAMBUZIOS;45;LOTE  CAMINHO DO MAR;        ;CAJUPIRANGA;PARNAMIRIM;RN;00000;Sem informação;2062;Sociedade Empresária Limitada;R. Caminho de Pirambúzios, 45 - Cajupiranga, Parnamirim - RN, 59157-160, Brazil;-5.9411767;-35.2556682
54484753000149;1985-05-29;TRIBUTOS@BBMAPFRE.COM.BR;11  51112700 11  51128150;MAPFRE VIDA S/A;;AV DAS NACOES UNIDAS;14261;ANDAR 29                        ALA A;        ;VILA GERTRUDES;SÃO PAULO;SP;65111;Seguros de vida;2054;Sociedade Anônima Fechada;Av. das Nações Unidas, 14261 - ANDAR 29 - Vila Gertrudes, São Paulo - SP, 04794-000, Brazil;-23.6237706;-46.7020044
10543201000199;2008-12-18;contabilcg@gmail.com;83  33422861 ;KLINIC ASSISTENCIA TECNICA MEDICA LTDA;KLINIC TECNOLOGIA;AV PROFESSOR ALMEIDA BARRETO;873;;        ;SAO JOSE;CAMPINA GRANDE;PB;00000;Sem informação;2062;Sociedade Empresária Limitada;Av. Prof. Almeida Barreto, 873 - São José, Campina Grande - PB, 58400-328, Brazil;-7.2291124;-35.8919806
09376468000150;1985-12-09;; ;CST CONSTRUCOES E SERVICOS TECNICOS LTDA;;R AGNALDO GURGEL JUNIOR;1920;;        ;CANDELARIA;NATAL;RN;00000;Sem informação;2062;Sociedade Empresária Limitada;Rua Agnaldo Gurgel Junior, 1920 - Candelária, Natal - RN, 59066-030, Brazil;-5.845609;-35.2207495
20971632000100;2014-03-09;SERVEMAIS.RN@GMAIL.COM;84  33014424 ;SERVEMAIS CONSTRUCOES, TREINAMENTOS E TERCEIRIZACOES EIRELI;SERVEMAIS;AV PRUDENTE DE MORAIS;507;COND  EMP. DJALMA MARINHO SALA  301;        ;TIROL;NATAL;RN;00000;Sem informação;2305;Empresa Individual de Responsabilidade Limitada (de Natureza Empresária);Condomínio Centro Empres Djalma Marinho - Av. Prudente de Morais, 507 - Tirol, Natal - RN, 59020-900, Brazil;-5.787628199999999;-35.2010238
09376468000150;1985-12-09;; ;CST CONSTRUCOES E SERVICOS TECNICOS LTDA;;R AGNALDO GURGEL JUNIOR;1920;;        ;CANDELARIA;NATAL;RN;00000;Sem informação;2062;Sociedade Empresária Limitada;Rua Agnaldo Gurgel Junior, 1920 - Candelária, Natal - RN, 59066-030, Brazil;-5.845609;-35.2207495
04751986000192;2001-05-11;fariascaldas@digi.com.br;84  32050059 84  36051880;F DOIS ENGENHARIA LTDA;;R CR. MUCIO GALVAO;426;SALA  01;        ;BARRO VERMELHO;NATAL;RN;00000;Sem informação;2062;Sociedade Empresária Limitada;R. Dr. Múcio Galvão, 426 - 01 - Barro Vermelho, Natal - RN, 59022-530, Brazil;-5.8030346;-35.2058524
04751986000192;2001-05-11;fariascaldas@digi.com.br;84  32050059 84  36051880;F DOIS ENGENHARIA LTDA;;R CR. MUCIO GALVAO;426;SALA  01;        ;BARRO VERMELHO;NATAL;RN;00000;Sem informação;2062;Sociedade Empresária Limitada;R. Dr. Múcio Galvão, 426 - 01 - Barro Vermelho, Natal - RN, 59022-530, Brazil;-5.8030346;-35.2058524
04751986000192;2001-05-11;fariascaldas@digi.com.br;84  32050059 84  36051880;F DOIS ENGENHARIA LTDA;;R CR. MUCIO GALVAO;426;SALA  01;        ;BARRO VERMELHO;NATAL;RN;00000;Sem informação;2062;Sociedade Empresária Limitada;R. Dr. Múcio Galvão, 426 - 01 - Barro Vermelho, Natal - RN, 59022-530, Brazil;-5.8030346;-35.2058524
05052764000144;2002-05-16;CONTATO@CONSTRUTORAGS.COM;84  32062495 ;CONSTRUTORA GURGEL SOARES LTDA;R & R CONSTRUCOES;R DESEMBARGADOR HEMETERIO FERNANDES;1008;;        ;TIROL;NATAL;RN;00000;Sem informação;2062;Sociedade Empresária Limitada;R. Des. Hemetério Fernandes, 1008 - Tirol, Natal - RN, 59015-110, Brazil;-5.7996593;-35.19962510000001
09376468000150;1985-12-09;; ;CST CONSTRUCOES E SERVICOS TECNICOS LTDA;;R AGNALDO GURGEL JUNIOR;1920;;        ;CANDELARIA;NATAL;RN;00000;Sem informação;2062;Sociedade Empresária Limitada;Rua Agnaldo Gurgel Junior, 1920 - Candelária, Natal - RN, 59066-030, Brazil;-5.845609;-35.2207495
61797924000236;2002-09-30;gabriele.greco@hp.com;11  41974963 11  41974996;HEWLETT-PACKARD BRASIL LTDA;;AL RIO NEGRO;750;TERREO                    SALA  RIO DE JANEIRO;        ;ALPHAVILLE INDUSTRIAL;BARUERI;SP;62091;Suporte técnico, manutenção e outros serviços em tecnologia da informação;2062;Sociedade Empresária Limitada;Alameda Rio Negro, 750 - Alphaville, Barueri - SP, 06454-000, Brazil;-23.4991163;-46.8471278
09376468000150;1985-12-09;; ;CST CONSTRUCOES E SERVICOS TECNICOS LTDA;;R AGNALDO GURGEL JUNIOR;1920;;        ;CANDELARIA;NATAL;RN;00000;Sem informação;2062;Sociedade Empresária Limitada;Rua Agnaldo Gurgel Junior, 1920 - Candelária, Natal - RN, 59066-030, Brazil;-5.845609;-35.2207495
40869463000109;1992-10-01;CONTABILIDADE@ESSEENG.COM.BR;81  32026666 81  32026667;ESSE ENGENHARIA SINALIZACAO E SERVICOS ESPECIAIS LTDA;;R PADRE CARAPUCEIRO;910;SALA 1701 EMPRES          TORRE ACACIO GIL;        ;BOA VIAGEM;RECIFE;PE;32990;Fabricação de produtos diversos não especificados anteriormente;2062;Sociedade Empresária Limitada;R. Padre Carapuceiro, 910 - Boa Viagem, Recife - PE, 51020-280, Brazil;-8.1162329;-34.9031675
20757012000172;2014-01-08;ECCONTABILIDADE@HOTMAIL.COM;84  32183352 84  88135706;NORMA ENGENHARIA SERVICOS ELETRICOS LTDA;NORMA ENGENHARIA;R MARIA DOLORES COSTA;95;LOJA  6;        ;NOVA PARNAMIRIM;PARNAMIRIM;RN;00000;Sem informação;2062;Sociedade Empresária Limitada;R. Maria Dolores Costa, 95 - 6 - Nova Parnamirim, Parnamirim - RN, 59150-510, Brazil;-5.875234799999999;-35.220548
09376468000150;1985-12-09;; ;CST CONSTRUCOES E SERVICOS TECNICOS LTDA;;R AGNALDO GURGEL JUNIOR;1920;;        ;CANDELARIA;NATAL;RN;00000;Sem informação;2062;Sociedade Empresária Limitada;Rua Agnaldo Gurgel Junior, 1920 - Candelária, Natal - RN, 59066-030, Brazil;-5.845609;-35.2207495
09389289000157;1985-02-10;ACENGENHARIALTDA@YAHOO.COM.BR;84  32224863 84  2211284;A C ENGENHARIA LTDA;;R JOAO PESSOA;265;"EDIF: MENDES CARLOS; ANDAR: 7; SALA: 701 702 E 703";        ;CIDADE ALTA;NATAL;RN;00000;Sem informação;2062;Sociedade Empresária Limitada;João Pessoa, State of Paraíba, Brazil;-7.119495799999999;-34.8450118
14743604000132;2011-10-27;NEILTONCONTABILIDADE@HOTMAIL.COM;84  32011034 84  32011034;HABITE-SE PROJETOS E EXECUCOES LTDA;HABITE-SE;AV ABREU E LIMA;250;;        ;PITIMBU;NATAL;RN;00000;Sem informação;2062;Sociedade Empresária Limitada;Av. Abreu Lima, 250 - Pitimbú, Natal - RN, 59069-100, Brazil;-5.844338;-35.2416345
09389289000157;1985-02-10;ACENGENHARIALTDA@YAHOO.COM.BR;84  32224863 84  2211284;A C ENGENHARIA LTDA;;R JOAO PESSOA;265;"EDIF: MENDES CARLOS; ANDAR: 7; SALA: 701 702 E 703";        ;CIDADE ALTA;NATAL;RN;00000;Sem informação;2062;Sociedade Empresária Limitada;João Pessoa, State of Paraíba, Brazil;-7.119495799999999;-34.8450118
08117778000197;2006-10-07;FINANCEIRO@MARBELLARESIDENCE.COM.BR;84  33452554 ;MARBELLA RESIDENCE INCORPORADORA E CONSTRUTORA LTDA;;AV PRESIDENTE CAFE FILHO;1750;LOJA  0296;        ;PRAIA DO MEIO;NATAL;RN;00000;Sem informação;2062;Sociedade Empresária Limitada;Av. Pres. Café Filho, 1750 - 0296 - Praia do Meio, Natal - RN, 59010-390, Brazil;-5.7692979;-35.1961287
34028316002580;1970-02-13;RNGABDR@CORREIOS.COM.BR;84  32202501 84  32202475;EMPRESA BRASILEIRA DE CORREIOS E TELEGRAFOS;SUP ESTADUAL DE OPERACOES RN;AV ENGENHEIRO HILDEBRANDO DE GOIS;221;;        ;RIBEIRA;NATAL;RN;53105;Atividades de Correio;2011;Empresa Pública;Av. Eng. Hildebrando de Góis, 221 - Ribeira, Natal - RN, 59010-700, Brazil;-5.774318099999999;-35.2044492
16667638000110;2012-08-08;llengltda@hotmail.com;84  22268161 84  22268161;L&L ENGENHARIA LTDA.;L&L ENGENHARIA.;R SANTA CECILIA;1839;;        ;CANDELARIA;NATAL;RN;00000;Sem informação;2062;Sociedade Empresária Limitada;R. Santa Cecília, 1839 - Candelária, Natal - RN, 59065-570, Brazil;-5.8344176;-35.2195048
21084632000150;2014-09-22;;81  30395266 ;PLANES ENGENHARIA E CONSTRUCAO LTDA;PLANES ENGENHARIA;PC MIGUEL DE CERVANTES;60;SALA  503;        ;ILHA DO LEITE;RECIFE;PE;00000;Sem informação;2062;Sociedade Empresária Limitada;Praça Miguel de Cervantes, 60 - 503 - Ilha do Leite, Recife - PE, 50070-520, Brazil;-8.0664895;-34.89381729999999
20297980000143;2014-05-21;JOAO@MONTENEGROCONTABILIDADE.COM.BR;84  40068900 84  40068924;ECOATIVA GESTAO DE RESIDUOS LTDA;ECOATIVA;R PROJETADA;S/N;LOTE  U 16;        ;SANTO ANTONIO;SÃO GONÇALO DO AMARANTE;RN;00000;Sem informação;2062;Sociedade Empresária Limitada;Loteamento Solar dos Ipês - Rua João Veras, s/n - Santo Antônio do Potengi, São Gonçalo do Amarante - RN, 59290-000, Brazil;-5.786518999999999;-35.3047853
42168781000178;1972-11-10;CAENZOCONTABIL@UOL.COM.BR;21  24320623 21  33257719;SANIPLAN ENGENHARIA E SERVICOS AMBIENTAIS LTDA;;AV MASCARENHAS DE MORAIS;2409;;        ;CHACARAS RIO-PETROPOLIS;DUQUE DE CAXIAS;RJ;71120;Serviços de engenharia;2062;Sociedade Empresária Limitada;Av. Mascarenhas de Morais, 2409 - Chácaras Rio-Petrópolis, Duque de Caxias - RJ, 25230-030, Brazil;-22.6782205;-43.3026165
15070879000115;2012-02-16;RAFAELCORTEZ@CONSTRUTORARBR.COM.BR;84  32344881 ;CONSTRUTORA RBR LTDA;CONSTRUTORA RBR;R FRANCISCO MAIA SOBRINHO;1950;EDIF  COMERCIAL PLENARIUM SALA  1205;        ;LAGOA NOVA;NATAL;RN;00000;Sem informação;2062;Sociedade Empresária Limitada;R. João Célso Filho, 1950 - Lagoa Nova, Natal - RN, 59064-320, Brazil;-5.8286004;-35.2232475
07387503000100;2005-05-18;financeiro@interjato.com.br;84  32315091 84  32315701;INTERJATO SERVICOS DE TELECOMUNICACOES LTDA;INTERJATO TELECOM;R JORNALISTA DJAIR DANTAS PEREIRA DE MACEDO;1371;;        ;LAGOA SECA;NATAL;RN;61108;Telecomunicações por fio;2062;Sociedade Empresária Limitada;Rua Djair Dantas Pereira de Macedo, 1371 - Lagoa Seca, Natal - RN, 59022-370, Brazil;-5.8098259;-35.2089234
10696037000150;1986-07-04;; ;MC VIDEOFOTICA EIRELI;VIDEOFOTICA;R PRINCESA ISABEL;524;LOJA 01 E 02;        ;CIDADE ALTA;NATAL;RN;47890;Comércio varejista de outros produtos novos não especificados anteriormente;2305;Empresa Individual de Responsabilidade Limitada (de Natureza Empresária);R. Princesa Isabel, 524 - LOJA 01 E 02 - Cidade Alta, Natal - RN, 59025-400, Brazil;-5.784746;-35.205543
34028316002580;1970-02-13;RNGABDR@CORREIOS.COM.BR;84  32202501 84  32202475;EMPRESA BRASILEIRA DE CORREIOS E TELEGRAFOS;SUP ESTADUAL DE OPERACOES RN;AV ENGENHEIRO HILDEBRANDO DE GOIS;221;;        ;RIBEIRA;NATAL;RN;53105;Atividades de Correio;2011;Empresa Pública;Av. Eng. Hildebrando de Góis, 221 - Ribeira, Natal - RN, 59010-700, Brazil;-5.774318099999999;-35.2044492
04827603000112;2001-12-27;; ;SAMTAL LTDA;FGENES SAUDE AMBIENTAL;R JOAO ALVES DE MELO;1464;;        ;LAGOA NOVA;NATAL;RN;81222;Imunização e controle de pragas urbanas;2062;Sociedade Empresária Limitada;R. João Alves de Melo, 1464 - Lagoa Nova, Natal - RN, 59054-350, Brazil;-5.8125693;-35.2184323
06248164000119;2004-04-19;impactodedetizacoes@hotmail.com;84  32188491 ;JOSE AVAILTON DA CUNHA;IMPACTO SAUDE AMBIENTAL;R MIRASSOL;1584;;        ;PLANALTO;NATAL;RN;81222;Imunização e controle de pragas urbanas;2135;Empresário (Individual);R. Mirassol, 1584 - Guarapes, Natal - RN, 59074-827, Brazil;-5.8511733;-35.2510888
06885906000117;2004-04-22;DIRETORIA@CATENA.SRV.BR;11  24411475 11  32310704;CATENA COMERCIO E SERVICOS DE ASSISTENCIA TECNICA LTDA;;R SALVADOR MELLONE;41;PISO SUPERIOR;        ;VILA RENATA;GUARULHOS;SP;47539;Comércio varejista especializado de eletrodomésticos e equipamentos de áudio e vídeo;2062;Sociedade Empresária Limitada;R. Salvador Melone, 41 - Vila Renata, Guarulhos - SP, 07056-100, Brazil;-23.4610237;-46.5642268
45997558000121;1983-06-04;SERTIN@SERTIN.COM.BR;11  24855460 11  24855460;SERTIN COMERCIO E SERVICOS TECNICOS DE INSTRUMENTACAO LTDA;SERTIN;R PADRE JOAO ALVARES;436;;        ;VILA RENATA;GUARULHOS;SP;71120;Serviços de engenharia;2062;Sociedade Empresária Limitada;R. Padre João Álvares, 436 - Vila Renata, Guarulhos - SP, 07056-090, Brazil;-23.4621423;-46.5640254
58752460000156;1988-03-29;ALEX.NUNES@SHIMADZU.COM.BR;11  24241700 ;SHIMADZU DO BRASIL COMERCIO LTDA.;;AV TAMBORE;576;;        ;TAMBORE;BARUERI;SP;46648;"Comércio atacadista de máquinas, aparelhos e equipamentos para uso odonto-médico-hospitalar; partes e peças";2062;Sociedade Empresária Limitada;Av. Tambore, 576 - Tamboré, Barueri - SP, 06460-000, Brazil;-23.5013714;-46.8426196
21949552000110;2015-02-27;WILTON_SM@HOTMAIL.COM;84  99977871 84  36082311;W DA S MOREIRA ENGENHARIA EIRELI;REALIZA ENGENHARIA;R AGUA MARINHA;230;;        ;LAGOA NOVA;NATAL;RN;00000;Sem informação;2305;Empresa Individual de Responsabilidade Limitada (de Natureza Empresária);R. Água M.nha, 230 - Lagoa Nova, Natal - RN, 59076-200, Brazil;-5.830008299999999;-35.2023367
08324196000181;1966-10-28;;84  2156107 84  2113047;COMPANHIA ENERGETICA DO RIO GRANDE DO NORTE COSERN;;R MERMOZ;150;;        ;BALDO;NATAL;RN;00000;Sem informação;2046;Sociedade Anônima Aberta;R. Mermoz, 150 - Cidade Alta, Natal - RN, 59025-250, Brazil;-5.7899525;-35.2099956
08981063000188;2007-07-13;PROJETUSENGENHARIA@YAHOO.COM.BR;84  30825955 ;AVANT CONSTRUCOES EIRELI;AVANT CONSTRUCOES;R CORONEL JOAQUIM  CORREIA;3310;;        ;CANDELARIA;NATAL;RN;68218;Intermediação na compra, venda e aluguel de imóveis;2305;Empresa Individual de Responsabilidade Limitada (de Natureza Empresária);Rua Coronel Joaquim Correia, 3310 - Candelária, Natal - RN, 59064-410, Brazil;-5.832336;-35.221659
15597080000181;2012-05-17;BTECHENGENHARIA@HOTMAIL.COM;83  88802111 83  86002522;BTECH ENGENHARIA LTDA;BRESAN SERVICOS DE ENGENHARIA;R JOSE DE ALENCAR;807;SALA  203                 ANDAR 1;        ;BELA VISTA;CAMPINA GRANDE;PB;00000;Sem informação;2062;Sociedade Empresária Limitada;Rua José de Alencar, 807 - SALA  203                 ANDAR 1 - Prata, Campina Grande - PB, 58400-500, Brazil;-7.22152;-35.8998343
01659728000192;1997-02-14;;85  30236375 ;OFICINA DE PROJETOS LTDA;OFICINA DE PROJETOS;R ARTUR TEMOTEO;231;;        ;FATIMA;FORTALEZA;CE;71120;Serviços de engenharia;2062;Sociedade Empresária Limitada;R. Artur Temóteo, 231 - Fatima, Fortaleza - CE, 60055-350, Brazil;-3.7457626;-38.5242261
09367333000128;2007-07-08;FUNERARIAHORTENCIA@OUTLOOK.COM;84  32130554 ;A LUIZ PIRES DA SILVA;FUNERARIA E FLORICULTURA HORTENCIA;AV ALMIRANTE ALEXANDRINO DE ALENCAR;753;LOTE  17;        ;BARRO VERMELHO;NATAL;RN;96033;Atividades funerárias e serviços relacionados;2135;Empresário (Individual);Av. Alm. Alexandrino de Alencar, 753 - 17 - Lagoa Seca, Natal - RN, 59030-350, Brazil;-5.8010645;-35.2115267
00948060000130;1995-06-12;;81  86490030 081 3613753;INSTRUCON COMERCIO E SERVICOS LTDA;;ROD EMPRESARIO JOAO SANTOS FILHO;3705;EIXO DA INTEGRACAO;        ;MURIBECA;JABOATÃO DOS GUARARAPES;PE;00000;Sem informação;2062;Sociedade Empresária Limitada;Rodovia Empresário João Santos Filho, 3705 - Muribeca, Jaboatão dos Guararapes - PE, 54352-240, Brazil;-8.157928799999999;-34.9726815
09109140000177;2007-07-13;nordestemet@ig.com.br;84  32145440 84  32145440;NORDESTE MARQUISES METALICAS E SERVICOS LTDA;NORDESTE METAIS;AV MARANGUAPE;937;FUNDOS                    CONJ.PANATIS II;        ;POTENGI;NATAL;RN;25110;Fabricação de estruturas metálicas;2062;Sociedade Empresária Limitada;Av. Maranguape, 937 - Nossa Sra. da Apresentação, Natal - RN, 59114-002, Brazil;-5.758215499999999;-35.2610491
01487456000190;1996-10-18;FISCAL@VRCONTA.COM.BR;84  40061050 84  32317799;BRASECO S/A;;R ROMUALDO GALVAO;2109;;        ;LAGOA NOVA;NATAL;RN;00000;Sem informação;2054;Sociedade Anônima Fechada;Av. Romualdo Galvão, 2109 - Lagoa Nova, Natal - RN, 59056-190, Brazil;-5.818184599999999;-35.2100815
08593089000159;1982-03-17;CONTABILIDADE@IMIRAPLAZA.COM.BR;84  40050505 ;SOL HOTEIS TURISMO LTDA;IMIRA PLAZA HOTEL;VCO SENADOR DINARTE MEDEIROS MARIZ;4077;;        ;PARQUE DAS DUNAS;NATAL;RN;55108;Hotéis e similares;2062;Sociedade Empresária Limitada;Via Costeira Sen. Dinarte Medeiros Mariz, 4077 - Parque das Dunas, Natal - RN, 59090-060, Brazil;-5.8269547;-35.1830137
